"placeId","title","categories/0","categories/1","categories/2","categories/3","categories/4","categories/5","categories/6","categories/7","categories/8","categories/9","categoryName","address","permanentlyClosed","searchPageLoadedUrl"
"ChIJLcD0cUIvdTERqPElI7voFos","Ba Son Station","Bãi chờ tàu hỏa",,,,,,,,,,"Bãi chờ tàu hỏa","Bến Nghé, Quận 1, Thành phố Hồ Chí Minh, Việt Nam","false","https://www.google.com/maps/@10.7792781,106.711197,17z?hl=vi&entry=ttu"
"ChIJhVoKJiQvdTERgTDgHl_sSUs","Khách sạn Renaissance Riverside Sài Gòn","Khách sạn","Dịch vụ lên kế hoạch cuộc họp","Địa điểm tổ chức lễ cưới",,,,,,,,"Khách sạn","15 Đ. Tôn Đức Thắng, Bến Nghé, Quận 1, Thành phố Hồ Chí Minh, Việt Nam","false","https://www.google.com/maps/@10.7708375,106.7026056,17z?hl=vi&entry=ttu"
"ChIJGepn_UYvdTEReq9GxaQbiFc","Phố đi bộ Nguyễn Huệ",,,,,,,,,,,,"Đ. Nguyễn Huệ, Bến Nghé, Quận 1, Thành phố Hồ Chí Minh, Việt Nam","false","https://www.google.com/maps/@10.7708375,106.7026056,17z?hl=vi&entry=ttu"
"ChIJGwvWmd4pdTERQoI_Pd1IJbk","Xẻng - Mồi & Bia","Nhà hàng",,,,,,,,,,"Nhà hàng","22 Nguyễn Đình Chiểu, Đa Kao, Quận 1, Thành phố Hồ Chí Minh, Việt Nam","false","https://www.google.com/maps/@10.7877186,106.7026056,17z?hl=vi&entry=ttu"
"ChIJD8TMf8sodTER3WI1EG8RAsc","CellphoneS","Cửa hàng điện thoại di động","Cửa hàng phụ kiện điện thoại di động","Cửa hàng máy tính",,,,,,,,"Cửa hàng điện thoại di động","55B Đ. Trần Quang Khải, P, Quận 1, Thành phố Hồ Chí Minh 700000, Việt Nam","false","https://www.google.com/maps/@10.7877186,106.6940142,17z?hl=vi&entry=ttu"
"ChIJ_yzv1bQodTER7hN4NV_cGXE","GEM Center","Trung tâm hội nghị",,,,,,,,,,"Trung tâm hội nghị","8 Nguyễn Bỉnh Khiêm, Đa Kao, Quận 1, Thành phố Hồ Chí Minh, Việt Nam","false","https://www.google.com/maps/@10.7877186,106.7026056,17z?hl=vi&entry=ttu"
"ChIJi-LfC8sodTERPQBZmVRDjvo","Phuc Long Coffee & Tea Express","Quán cà phê",,,,,,,,,,"Quán cà phê","197 Đ. Đinh Tiên Hoàng, Đa Kao, Quận 1, Thành phố Hồ Chí Minh, Việt Nam","false","https://www.google.com/maps/@10.7877186,106.6940142,17z?hl=vi&entry=ttu"
"ChIJt6bNo8oodTERh7ax4U6O7cQ","The Vintage Emporium Đa kao","Quán cà phê","Nhà hàng chuyên phục vụ bữa sáng",,,,,,,,,"Quán cà phê","95 Đ. Nguyễn Văn Thủ, Đa Kao, Quận 1, Thành phố Hồ Chí Minh, Việt Nam","false","https://www.google.com/maps/@10.7877186,106.7026056,17z?hl=vi&entry=ttu"
"ChIJYffbXBkpdTERjQgD7Syp7Tg","Chùa Ngọc Hoàng","Chùa phật giáo",,,,,,,,,,"Chùa phật giáo","73 Đ. Mai Thị Lựu, Đa Kao, Quận 1, Thành phố Hồ Chí Minh 700000, Việt Nam","false","https://www.google.com/maps/@10.7877186,106.6940142,17z?hl=vi&entry=ttu"
"ChIJAR6qDK0pdTERzfG4nesay30","TarZan Spa For Men","Spa đá nóng",,,,,,,,,,"Spa đá nóng","12/4B Đ. Nguyễn Thị Minh Khai, Đa Kao, Quận 1, Thành phố Hồ Chí Minh, Việt Nam","false","https://www.google.com/maps/@10.7877186,106.7026056,17z?hl=vi&entry=ttu"
"ChIJbZMxlf4pdTERtN1oUUH5i5c","Chidori - Coffee in Bed® Dinh Tien Hoang","Quán cà phê",,,,,,,,,,"Quán cà phê","191 Đ. Đinh Tiên Hoàng, Đa Kao, Quận 1, Thành phố Hồ Chí Minh, Việt Nam","false","https://www.google.com/maps/@10.7877186,106.6940142,17z?hl=vi&entry=ttu"
"ChIJ9TaofBcvdTERycR_oAhkRUQ","CNK - Phun Xăm Thẩm Mỹ","Chuyên gia làm đẹp",,,,,,,,,,"Chuyên gia làm đẹp","16/35 Đ. Đinh Tiên Hoàng, Đa Kao, Quận 1, Thành phố Hồ Chí Minh 700000, Việt Nam","false","https://www.google.com/maps/@10.7877186,106.7026056,17z?hl=vi&entry=ttu"
"ChIJu_C4G8sodTERxUMaVVzg5eI","NP Brows & Lashes","Thẩm mỹ viện","Tiệm làm mi",,,,,,,,,"Thẩm mỹ viện","165 Đ. Đinh Tiên Hoàng, Đa Kao, Quận 1, Thành phố Hồ Chí Minh 700000, Việt Nam","false","https://www.google.com/maps/@10.7877186,106.6940142,17z?hl=vi&entry=ttu"
"ChIJmeMdOUsvdTERo0aUs6G2x9s","Trường Tiểu học Nguyễn Bỉnh Khiêm","Trường tiểu học",,,,,,,,,,"Trường tiểu học","2Bis Nguyễn Bỉnh Khiêm, Bến Nghé, Quận 1, Thành phố Hồ Chí Minh, Việt Nam","false","https://www.google.com/maps/@10.7877186,106.7026056,17z?hl=vi&entry=ttu"
"ChIJFXMbbc0odTERGBcKbbTa20k","Sushi Masa Thạch Thị Thanh","Nhà hàng sushi","Nhà hàng Nhật Bản",,,,,,,,,"Nhà hàng sushi","52 Thạch Thị Thanh, Phường Tân Định, Quận 1, Thành phố Hồ Chí Minh, Việt Nam","false","https://www.google.com/maps/@10.7877186,106.6940142,17z?hl=vi&entry=ttu"
"ChIJv1kJWTUvdTERnoSmxaedWv8","Phòng Vé Vietnam Airlines","Đại lý vé máy bay",,,,,,,,,,"Đại lý vé máy bay","15Bis Đ. Đinh Tiên Hoàng, Đa Kao, Quận 1, Thành phố Hồ Chí Minh, Việt Nam","false","https://www.google.com/maps/@10.7877186,106.7026056,17z?hl=vi&entry=ttu"
"ChIJl7C0JssodTERTeorMNGQnKA","Bánh mì Bảy Hổ","Cửa hàng sandwich",,,,,,,,,,"Cửa hàng sandwich","19, Huỳnh Khương Ninh/148 Đ. Nguyễn Văn Thủ, Quận 1, Thành phố Hồ Chí Minh, Việt Nam","false","https://www.google.com/maps/@10.7877186,106.6940142,17z?hl=vi&entry=ttu"
"ChIJZ2tBlrwpdTEROOsFbhwbB7I","Bún Quậy KIẾN - XÂY Sai Gon","Nhà hàng",,,,,,,,,,"Nhà hàng","12 Đ. Nguyễn Thị Minh Khai, Đa Kao, Quận 1, Thành phố Hồ Chí Minh 700000, Việt Nam","false","https://www.google.com/maps/@10.7877186,106.7026056,17z?hl=vi&entry=ttu"
"ChIJOZyKO0svdTERR2MoCKMO5As","Mayu Japanese Esthetic Spa District 1","Spa mặt","Cửa hàng mỹ phẩm","Dịch vụ tẩy lông",,,,,,,,"Spa mặt","25/4 Nguyễn Bỉnh Khiêm, Phường Bến Nghé, Quận 1, Ho Chi Minh City, Thành phố Hồ Chí Minh 700000, Việt Nam","false","https://www.google.com/maps/@10.7877186,106.7026056,17z?hl=vi&entry=ttu"
"ChIJhZ0QLGIpdTERbfdhlascdrM","M Village Đinh Công Tráng","Khách sạn",,,,,,,,,,"Khách sạn","22-24 Đinh Công Tráng, Phường Tân Định, Quận 1, Thành phố Hồ Chí Minh 70000, Việt Nam","false","https://www.google.com/maps/@10.7877186,106.6940142,17z?hl=vi&entry=ttu"
"ChIJRyEowEovdTERz3vrBTr-IF4","Trung tâm Thể dục Thể thao Hoa Lư","Tổ hợp thể thao","Sân vận động",,,,,,,,,"Tổ hợp thể thao","2 Đ. Đinh Tiên Hoàng, Đa Kao, Quận 1, Thành phố Hồ Chí Minh, Việt Nam","false","https://www.google.com/maps/@10.7877186,106.7026056,17z?hl=vi&entry=ttu"
"ChIJuyX83YMpdTERZmhYSqB8Jjo","YeBee cafe & tea","Quán cà phê",,,,,,,,,,"Quán cà phê","2D Nguyễn Thành Ý, Đa Kao, Quận 1, Thành phố Hồ Chí Minh, Việt Nam","false","https://www.google.com/maps/@10.7877186,106.6940142,17z?hl=vi&entry=ttu"
"ChIJe7oFvPUvdTERIShe0Fou0lg","Vườn bướm","Sở thú",,,,,,,,,,"Sở thú","2 Nguyễn Bỉnh Khiêm, Bến Nghé, Quận 1, Thành phố Hồ Chí Minh, Việt Nam","false","https://www.google.com/maps/@10.7877186,106.7026056,17z?hl=vi&entry=ttu"
"ChIJx7wwM0svdTERjuH2a9dkuU0","Thảo Cầm Viên Sài Gòn","Vườn bách thú","Điểm thu hút khách du lịch",,,,,,,,,"Vườn bách thú","2 Nguyễn Bỉnh Khiêm, Bến Nghé, Quận 1, Thành phố Hồ Chí Minh 700000, Việt Nam","false","https://www.google.com/maps/@10.7877186,106.7026056,17z?hl=vi&entry=ttu"
"ChIJN9iV6vAvdTERmI-RlR3s0ME","LIM Tower 3","Văn phòng công ty",,,,,,,,,,"Văn phòng công ty","29A Nguyễn Đình Chiểu, Đa Kao, Quận 1, Thành phố Hồ Chí Minh 70000, Việt Nam","false","https://www.google.com/maps/@10.7877186,106.7026056,17z?hl=vi&entry=ttu"
"ChIJ____sjQvdTERgQu-qOd7km8","Trung tâm Viễn thông Quốc Tế KV2","Viễn thông",,,,,,,,,,"Viễn thông","QMQV+PX2, Đ. Phan Liêm, Đa Kao, Quận 1, Thành phố Hồ Chí Minh, Việt Nam","false","https://www.google.com/maps/@10.7877186,106.6940142,17z?hl=vi&entry=ttu"
"ChIJkWxODUsvdTERpBcf9LcUxG8","Bảo tàng Chiến dịch Hồ Chí Minh","Bảo tàng chiến tranh","Điểm thu hút khách du lịch",,,,,,,,,"Bảo tàng chiến tranh","Số 2 Đ. Lê Duẩn, Bến Nghé, Quận 1, Thành phố Hồ Chí Minh, Việt Nam","false","https://www.google.com/maps/@10.7877186,106.7026056,17z?hl=vi&entry=ttu"
"ChIJSQfS3hG_J6URA_-hHFeXfBw","Showroom Maserati Việt Nam","Phòng trưng bày",,,,,,,,,,"Phòng trưng bày","1 Đ. Lê Duẩn, Bến Nghé, Quận 1, Thành phố Hồ Chí Minh 700000, Việt Nam","false","https://www.google.com/maps/@10.7877186,106.7026056,17z?hl=vi&entry=ttu"
"ChIJfVkif0svdTERE4er6tVNLvc","Trường THCS Võ Trường Toản","Trường THCS",,,,,,,,,,"Trường THCS","11 Nguyễn Bỉnh Khiêm, Bến Nghé, Quận 1, Thành phố Hồ Chí Minh, Việt Nam","false","https://www.google.com/maps/@10.7877186,106.7026056,17z?hl=vi&entry=ttu"
"ChIJt6SymKAvdTERnhdKSttYhhE","Reading Cabin","Cửa hàng văn phòng phẩm","Quầy cà phê",,,,,,,,,"Cửa hàng văn phòng phẩm","Hẻm 18A/33, Đ. Nguyễn Thị Minh Khai, Đa Kao, Quận 1, Thành phố Hồ Chí Minh 71000, Việt Nam","false","https://www.google.com/maps/@10.7877186,106.7026056,17z?hl=vi&entry=ttu"
"ChIJPc2eOjUvdTERuomMddcaIIY","Belgo","Nhà hàng quán rượu dành cho người sành ăn","Cửa hàng bia",,,,,,,,,"Nhà hàng quán rượu dành cho người sành ăn","159A Đ. Nguyễn Văn Thủ, Đa Kao, Quận 1, Thành phố Hồ Chí Minh, Việt Nam","false","https://www.google.com/maps/@10.7877186,106.6940142,17z?hl=vi&entry=ttu"
"ChIJBYpoTY0vdTER91gWYG5BXdE","Nhà Của Mèo","Quán cà phê",,,,,,,,,,"Quán cà phê","11 bis 05, Nguyễn Bỉnh Khiêm, Quận 1, Thành phố Hồ Chí Minh 700000, Việt Nam","false","https://www.google.com/maps/@10.7877186,106.7026056,17z?hl=vi&entry=ttu"
"ChIJXZdimTUvdTERrs5KIpDMnf0","Hoa Viên Craft Brewery","Quán bia","Khu vực phục vụ bia","Nhà máy bia","Nhà hàng Séc","Nhà hàng",,,,,,"Quán bia","Hẻm 18 Bis/30A1, Đ. Nguyễn Thị Minh Khai, Đa Kao, Quận 1, Thành phố Hồ Chí Minh, Việt Nam","false","https://www.google.com/maps/@10.7877186,106.7026056,17z?hl=vi&entry=ttu"
"ChIJB04oOhQvdTER2R9hhkbfol0","Galerie Quynh","Phòng trưng bày nghệ thuật","Cửa hàng",,,,,,,,,"Phòng trưng bày nghệ thuật","118 Đ. Nguyễn Văn Thủ, Đa Kao, Quận 1, Thành phố Hồ Chí Minh, Việt Nam","false","https://www.google.com/maps/@10.7877186,106.6940142,17z?hl=vi&entry=ttu"
"ChIJF3UZqksvdTERfG-iJoXacog","Trường Đại học Khoa học Xã hội và Nhân văn, Đại học Quốc gia TP.HCM (Cơ sở Quận 1)","Đại học công lập","Trường đại học",,,,,,,,,"Đại học công lập","10-12 Đ. Đinh Tiên Hoàng, Bến Nghé, Quận 1, Thành phố Hồ Chí Minh, Việt Nam","false","https://www.google.com/maps/@10.7877186,106.7026056,17z?hl=vi&entry=ttu"
"ChIJUwptZkovdTERb8uK4hxQ2jY","Quán NEM vuông cua biển","Nhà hàng Việt Nam",,,,,,,,,,"Nhà hàng Việt Nam","15E Đ. Nguyễn Thị Minh Khai, Bến Nghé, Quận 1, Thành phố Hồ Chí Minh, Việt Nam","false","https://www.google.com/maps/@10.7877186,106.7026056,17z?hl=vi&entry=ttu"
"ChIJOZr9LGAvdTER_qU2kONnPiI","Karaoke iCool 90 Mạc Đỉnh Chi","Quán bar karaoke",,,,,,,,,,"Quán bar karaoke","90 Đ. Mạc Đĩnh Chi, Đa Kao, Quận 1, Thành phố Hồ Chí Minh, Việt Nam","false","https://www.google.com/maps/@10.7877186,106.6940142,17z?hl=vi&entry=ttu"
"ChIJjauGHZEvdTERe_2AKCiaaYg","Phường Cà Phê - Minh Khai","Quán cà phê",,,,,,,,,,"Quán cà phê","18 Bis/16 Đ. Nguyễn Thị Minh Khai, Đa Kao, Quận 1, Thành phố Hồ Chí Minh 700000, Việt Nam","false","https://www.google.com/maps/@10.7877186,106.7026056,17z?hl=vi&entry=ttu"
"ChIJweBr2MovdTERYW_FRb7ZZGo","Công viên Lê Văn Tám","Công viên",,,,,,,,,,"Công viên","QMQV+6GM, Đ. Võ Thị Sáu, Đa Kao, Quận 1, Thành phố Hồ Chí Minh 700000, Việt Nam","false","https://www.google.com/maps/@10.7877186,106.6940142,17z?hl=vi&entry=ttu"
"ChIJV3J4VpsvdTERIKXZgmQpxdU","AN's spa-Massage trị liệu-Acupressure massage","Spa mặt","Bác sĩ trị liệu xoa bóp",,,,,,,,,"Spa mặt","Hẻm 18Bis/13 Đ. Nguyễn Thị Minh Khai, Đa Kao, Quận 1, Thành phố Hồ Chí Minh 70000, Việt Nam","false","https://www.google.com/maps/@10.7877186,106.7026056,17z?hl=vi&entry=ttu"
"ChIJ1cVVwDQvdTERs2E_Iu8cSQ0","Manmaru 1 Japanese Restaurant","Nhà hàng Izakaya",,,,,,,,,,"Nhà hàng Izakaya","71 Mạc Đĩnh Chi Quận 1, Dakao Ward, 70000, Việt Nam","false","https://www.google.com/maps/@10.7877186,106.6940142,17z?hl=vi&entry=ttu"
"ChIJsYYT5vMvdTERV0uuHL0dNnI","Trường Cán Bộ Quản Lý Giáo Dục Thành Phố Hồ Chí Minh","Trung tâm giáo dục",,,,,,,,,,"Trung tâm giáo dục","7-9 Nguyễn Bỉnh Khiêm, Bến Nghé, Quận 1, Thành phố Hồ Chí Minh, Việt Nam","false","https://www.google.com/maps/@10.7877186,106.7026056,17z?hl=vi&entry=ttu"
"ChIJLcxgnykvdTERu2hqJaLFpks","Trường THPT Trưng Vương","Trường cấp ba",,,,,,,,,,"Trường cấp ba","3a Nguyễn Bỉnh Khiêm, Bến Nghé, Quận 1, Thành phố Hồ Chí Minh, Việt Nam","false","https://www.google.com/maps/@10.7877186,106.7026056,17z?hl=vi&entry=ttu"
"ChIJ4SqYUkovdTERRFNf9hVW4JI","Khoa Dược - Đại học Y Dược TP.HCM","Khoa học thuật","Đại học công lập","Trường đại học",,,,,,,,"Khoa học thuật","43 Đ. Đinh Tiên Hoàng, Bến Nghé, Quận 1, Thành phố Hồ Chí Minh, Việt Nam","false","https://www.google.com/maps/@10.7877186,106.7026056,17z?hl=vi&entry=ttu"
"ChIJ_8Rc7zQvdTERJzBFNJQudBU","Tòa Nhà Sự Kiện Gala Royale","Địa điểm tổ chức lễ cưới",,,,,,,,,,"Địa điểm tổ chức lễ cưới","63 Đ. Mạc Đĩnh Chi, Đa Kao, Quận 1, Thành phố Hồ Chí Minh, Việt Nam","false","https://www.google.com/maps/@10.7877186,106.6940142,17z?hl=vi&entry=ttu"
"ChIJ1wlDRkwvdTERjqYD1wG-hJQ","Bảo tàng Địa chất Việt Nam","Bảo tàng","Điểm thu hút khách du lịch",,,,,,,,,"Bảo tàng","2 Nguyễn Bỉnh Khiêm, Bến Nghé, Quận 1, Thành phố Hồ Chí Minh, Việt Nam","false","https://www.google.com/maps/@10.7877186,106.7026056,17z?hl=vi&entry=ttu"
"ChIJ23XgedkvdTERH7c3F7D-CYU","Trung tâm Mục vụ Tổng Giáo phận Sài Gòn","Điểm đến tôn giáo",,,,,,,,,,"Điểm đến tôn giáo","6bis Đ. Tôn Đức Thắng, Bến Nghé, Quận 1, Thành phố Hồ Chí Minh, Việt Nam","false","https://www.google.com/maps/@10.7877186,106.7026056,17z?hl=vi&entry=ttu"
"ChIJ8cnTT0ovdTEREBWnpxLrZTA","Japan Eats","Nhà hàng Nhật Bản",,,,,,,,,,"Nhà hàng Nhật Bản","5/70 Nguyễn Trung Ngạn, Bến Nghé, Quận 1, Thành phố Hồ Chí Minh, Việt Nam","false","https://www.google.com/maps/@10.7877186,106.7026056,17z?hl=vi&entry=ttu"
"ChIJQ0Zy9zUvdTERaUE5IiFhr-k","Phúc Long Tea & Coffee - 21-23 Nguyễn Thị Minh Khai","Quán cà phê",,,,,,,,,,"Quán cà phê","Somerset Chancellor Court Ho Chi Minh City, L1-01 Somerset Chancellor Court, 21-23 Đ. Nguyễn Thị Minh Khai, Bến Nghé, Quận 1, Thành phố Hồ Chí Minh, Việt Nam","false","https://www.google.com/maps/@10.7877186,106.7026056,17z?hl=vi&entry=ttu"
"ChIJzeTMBYEvdTERr-4rEzDAbx8","The Gangs Đa Kao","Nhà hàng món nướng","Nhà hàng",,,,,,,,,"Nhà hàng món nướng","32 Đ. Mạc Đĩnh Chi, Đa Kao, Quận 1, Thành phố Hồ Chí Minh 700000, Việt Nam","false","https://www.google.com/maps/@10.7877186,106.6940142,17z?hl=vi&entry=ttu"
"ChIJIR-tyEsvdTERbKzPARi0MRw","Saigon Trade Center","Trung tâm thương mại",,,,,,,,,,"Trung tâm thương mại","37 Đ. Tôn Đức Thắng, Bến Nghé, Quận 1, Thành phố Hồ Chí Minh 70000, Việt Nam","false","https://www.google.com/maps/@10.7877186,106.7026056,17z?hl=vi&entry=ttu"
"ChIJE569cDQvdTERS1BrwSFGha4","NOIR . Dining in the Dark Saigon","Nhà hàng","Nhà hàng lai Á","Quán cà phê","Nhà hàng Châu Âu","Nhà hàng hỗn hợp","Nhà hàng Việt Nam",,,,,"Nhà hàng","180D Hai Bà Trưng, Street, Quận 1, Thành phố Hồ Chí Minh 710000, Việt Nam","false","https://www.google.com/maps/@10.7877186,106.6940142,17z?hl=vi&entry=ttu"
"ChIJPcdyA0ovdTERURWaNNPN8Zg","Mường Thanh Sài Gòn Centre Hotel","Khách sạn",,,,,,,,,,"Khách sạn","8A Đ. Mạc Đĩnh Chi, Bến Nghé, Quận 1, Thành phố Hồ Chí Minh, Việt Nam","false","https://www.google.com/maps/@10.7877186,106.7026056,17z?hl=vi&entry=ttu"
"ChIJpV-7MUovdTERS3tmu3Rt9kw","Khách sạn Sofitel Sài Gòn","Khách sạn",,,,,,,,,,"Khách sạn","17 Đ. Lê Duẩn, Bến Nghé, Ward, Thành phố Hồ Chí Minh 700000, Việt Nam","false","https://www.google.com/maps/@10.7877186,106.7026056,17z?hl=vi&entry=ttu"
"ChIJjQfUymkvdTERd2ucqjvtfNc","DCINE Bến Thành","Rạp chiếu phim",,,,,,,,,,"Rạp chiếu phim","6 Đ. Mạc Đĩnh Chi, Bến Nghé, Quận 1, Thành phố Hồ Chí Minh, Việt Nam","false","https://www.google.com/maps/@10.7877186,106.7026056,17z?hl=vi&entry=ttu"
"ChIJhwED20svdTERefttthrMj3Y","7-Eleven Saigon Trade Center","Cửa hàng tiện lợi",,,,,,,,,,"Cửa hàng tiện lợi","37 Đ. Tôn Đức Thắng, Bến Nghé, Quận 1, Thành phố Hồ Chí Minh, Việt Nam","false","https://www.google.com/maps/@10.7877186,106.7026056,17z?hl=vi&entry=ttu"
"ChIJswxIsBkvdTERPf6xH3qH0Do","Highlands Coffee Lê Duẩn","Quán cà phê",,,,,,,,,,"Quán cà phê","2B Đ. Lê Duẩn, Bến Nghé, Quận 1, Thành phố Hồ Chí Minh, Việt Nam","false","https://www.google.com/maps/@10.7877186,106.7026056,17z?hl=vi&entry=ttu"
"ChIJ6XuBLMkvdTERB00X2LlvhCM","M Village Nguyễn Văn Thủ","Khách sạn lưu trú dài hạn",,,,,,,,,,"Khách sạn lưu trú dài hạn","217 Đ. Nguyễn Văn Thủ, Đa Kao, Quận 1, Thành phố Hồ Chí Minh 70000, Việt Nam","false","https://www.google.com/maps/@10.7877186,106.6940142,17z?hl=vi&entry=ttu"
"ChIJEbZf-0kvdTERLrTfXHoxSs8","Tổng Lãnh sự quán Hoa Kỳ","Tòa lãnh sự nước ngoài",,,,,,,,,,"Tòa lãnh sự nước ngoài","4 Đ. Lê Duẩn, Bến Nghé, Quận 1, Thành phố Hồ Chí Minh, Việt Nam","false","https://www.google.com/maps/@10.7877186,106.7026056,17z?hl=vi&entry=ttu"
"ChIJQRAeWEkvdTERBQazF04RBRk","Đại học Sài Gòn - Cơ sở 2","Trường đại học",,,,,,,,,,"Trường đại học","4 Đ. Tôn Đức Thắng, Bến Nghé, Quận 1, Thành phố Hồ Chí Minh, Việt Nam","false","https://www.google.com/maps/@10.7877186,106.7026056,17z?hl=vi&entry=ttu"
"ChIJNx14ajYvdTERuM73DGVGUx8","Cinestar Hai Bà Trưng","Rạp chiếu phim",,,,,,,,,,"Rạp chiếu phim","135 Hai Bà Trưng, Bến Nghé, Quận 1, Thành phố Hồ Chí Minh 70000, Việt Nam","false","https://www.google.com/maps/@10.7877186,106.7026056,17z?hl=vi&entry=ttu"
"ChIJ_zScB0YvdTER1L0dTXCO3hg","Warning Zone 33","Nhà hàng",,,,,,,,,,"Nhà hàng","33 Nguyễn Đình Chiểu, Đa Kao, Quận 1, Thành phố Hồ Chí Minh, Việt Nam","false","https://www.google.com/maps/@10.7877186,106.6940142,17z?hl=vi&entry=ttu"
"ChIJaSg6XvovdTERiFDNc7MpuNo","The Gangs Central","Nhà hàng",,,,,,,,,,"Nhà hàng","87 Đ. Nguyễn Huệ, Bến Nghé, Quận 1, Thành phố Hồ Chí Minh 700000, Việt Nam","false","https://www.google.com/maps/@10.7708375,106.7026056,17z?hl=vi&entry=ttu"
"ChIJw1aMpUYvdTER6z7MWCV8XAA","Tandoor Indian Restaurant","Nhà hàng Ấn Độ",,,,,,,,,,"Nhà hàng Ấn Độ","39 Ngô Đức Kế, Bến Nghé, Quận 1, Thành phố Hồ Chí Minh 700000, Việt Nam","false","https://www.google.com/maps/@10.7708375,106.7026056,17z?hl=vi&entry=ttu"
"ChIJc7-w6j0vdTERKOCxHB0DqUE","Naked Sushi Phùng Khắc Khoan","Nhà hàng Nhật Bản",,,,,,,,,,"Nhà hàng Nhật Bản","22 Đ. Phùng Khắc Khoan, P, Q.01, Thành phố Hồ Chí Minh 700000, Việt Nam","false","https://www.google.com/maps/@10.7877186,106.6940142,17z?hl=vi&entry=ttu"
"ChIJ8Rh6REcvdTERZJ3tNp2ci3s","Takashimaya","Trung tâm mua sắm","Cửa hàng bách hóa",,,,,,,,,"Trung tâm mua sắm","92-94 Đ. Nam Kỳ Khởi Nghĩa, Bến Nghé, Quận 1, Thành phố Hồ Chí Minh 700000, Việt Nam","false","https://www.google.com/maps/@10.7708375,106.7026056,17z?hl=vi&entry=ttu"
"ChIJ__-vy0YvdTERfJrGj3Om7bs","Saigon Prince Hotel (Formerly Duxton Hotel Saigon)","Khách sạn","Sân gôn","Nhà hàng",,,,,,,,"Khách sạn","63 Đ. Nguyễn Huệ, Bến Nghé, Quận 1, Thành phố Hồ Chí Minh, Việt Nam","false","https://www.google.com/maps/@10.7708375,106.7026056,17z?hl=vi&entry=ttu"
"ChIJU4Nmq0AvdTERUijlxbVwFQQ","Sài Gòn Square","Trung tâm bán lẻ trực tiếp",,,,,,,,,,"Trung tâm bán lẻ trực tiếp","77-89 Đ. Nam Kỳ Khởi Nghĩa, Phường Bến Thành, Quận 1, Thành phố Hồ Chí Minh, Việt Nam","false","https://www.google.com/maps/@10.7708375,106.7026056,17z?hl=vi&entry=ttu"
"ChIJVwmHsyEvdTERjHO5ZyppSas","M Village Tôn Thất Đạm","Khách sạn",,,,,,,,,,"Khách sạn","131 Tôn Thất Đạm, Bến Nghé, Quận 1, Thành phố Hồ Chí Minh 700000, Việt Nam","false","https://www.google.com/maps/@10.7708375,106.7026056,17z?hl=vi&entry=ttu"
"ChIJJ98oWj8vdTERXw4faCUBm84","Bệnh viện Đa khoa Sài Gòn",,,,,,,,,,,,"125 Đ. Lê Lai, Phường Bến Thành, Quận 1, Thành phố Hồ Chí Minh, Việt Nam","false","https://www.google.com/maps/@10.7708375,106.7026056,17z?hl=vi&entry=ttu"
"ChIJWZ60o0AvdTER2wKmg-QUvaE","Trường Cao đẳng Kỹ thuật Cao Thắng","Trường cao đẳng nghề","Trường đại học",,,,,,,,,"Trường cao đẳng nghề","65 Đ. Huỳnh Thúc Kháng, Bến Nghé, Quận 1, Thành phố Hồ Chí Minh 700000, Việt Nam","false","https://www.google.com/maps/@10.7708375,106.7026056,17z?hl=vi&entry=ttu"
"ChIJ6-qHzzovdTERKuM7X5ehack","Bitexco Financial Tower","Văn phòng công ty","Trung tâm thương mại",,,,,,,,,"Văn phòng công ty","2 Đ. Hải Triều, Bến Nghé, Quận 1, Thành phố Hồ Chí Minh 700000, Việt Nam","false","https://www.google.com/maps/@10.7708375,106.7026056,17z?hl=vi&entry=ttu"
"ChIJJ8zr1DUvdTERSptTVtK3FNg","Cửa hàng Xăng dầu Petrolimex Số 01","Trạm xăng",,,,,,,,,,"Trạm xăng","Trần Cao Vân, Đa Kao, Quận 1, Thành phố Hồ Chí Minh, Việt Nam","false","https://www.google.com/maps/@10.7877186,106.6940142,17z?hl=vi&entry=ttu"
"ChIJE0g4nCEvdTERcN_EoOHlYTA","Trạm xe đạp công cộng TNGO Công ty Cổ phần Vận tải Đường sắt Sài Gòn","Dịch vụ thuê xe đạp","Bãi đỗ xe đạp",,,,,,,,,"Dịch vụ thuê xe đạp","136 Hàm Nghi, Phường Bến Thành, Quận 1, Thành phố Hồ Chí Minh 700000, Việt Nam","false","https://www.google.com/maps/@10.7708375,106.7026056,17z?hl=vi&entry=ttu"
"ChIJSfpg4EMvdTER0R8tcNfPtOM","Cục Hải quan TP. Hồ Chí Minh","Văn phòng hải quan","Văn phòng chính quyền địa phương",,,,,,,,,"Văn phòng hải quan","2 Hàm Nghi, Bến Nghé, Quận 1, Thành phố Hồ Chí Minh, Việt Nam","false","https://www.google.com/maps/@10.7708375,106.7026056,17z?hl=vi&entry=ttu"
"ChIJtY00a0EvdTERjjc-PoasofA","Bánh Mì Như Lan","Tiệm bánh",,,,,,,,,,"Tiệm bánh","68 Hàm Nghi, Bến Nghé, Quận 1, Thành phố Hồ Chí Minh 700000, Việt Nam","false","https://www.google.com/maps/@10.7708375,106.7026056,17z?hl=vi&entry=ttu"
"ChIJw8OREgAvdTER3lOiMlpjrrg","Passio Trần Cao Vân","Quán cà phê",,,,,,,,,,"Quán cà phê","25 Trần Cao Vân, Đa Kao, Quận 1, Thành phố Hồ Chí Minh 700000, Việt Nam","false","https://www.google.com/maps/@10.7877186,106.6940142,17z?hl=vi&entry=ttu"
"ChIJoadg-0kpdTERAxjJ-7UO844","Quynh Nhu 137 Foot Massage","Bác sĩ trị liệu xoa bóp",,,,,,,,,,"Bác sĩ trị liệu xoa bóp","149 Hàm Nghi, Phường Nguyễn Thái Bình, Quận 1, Thành phố Hồ Chí Minh 700000, Việt Nam","false","https://www.google.com/maps/@10.7708375,106.7026056,17z?hl=vi&entry=ttu"
"ChIJzT5GAK8vdTERX5qsow6unI8","Zion Sky Lounge and Dining","Nhà hàng",,,,,,,,,,"Nhà hàng","87A Hàm Nghi, Phường Nguyễn Thái Bình, Quận 1, Thành phố Hồ Chí Minh, Việt Nam","false","https://www.google.com/maps/@10.7708375,106.7026056,17z?hl=vi&entry=ttu"
"ChIJ0eEuJP0vdTERKGKuAHuq5Hc","Koko Coffee Quận 1","Quán cà phê",,,,,,,,,,"Quán cà phê","11 Hàm Nghi, Phường Nguyễn Thái Bình, Quận 1, TP, Thành phố Hồ Chí Minh 70000, Việt Nam","false","https://www.google.com/maps/@10.7708375,106.7026056,17z?hl=vi&entry=ttu"
"ChIJrTS9bUEvdTEREE1cXAd9mvY","Trường Đại học Ngân hàng TP.HCM - Trụ sở chính","Trường đại học",,,,,,,,,,"Trường đại học","36 Tôn Thất Đạm, Phường Nguyễn Thái Bình, Quận 1, Thành phố Hồ Chí Minh, Việt Nam","false","https://www.google.com/maps/@10.7708375,106.7026056,17z?hl=vi&entry=ttu"
"ChIJe02E3cwodTEREiQiQfWPNJg","Cơm Tấm Bụi Sài Gòn","Nhà hàng cơm",,,,,,,,,,"Nhà hàng cơm","100 Thạch Thị Thanh, Phường Tân Định, Quận 1, Thành phố Hồ Chí Minh, Việt Nam","false","https://www.google.com/maps/@10.7877186,106.6940142,17z?hl=vi&entry=ttu"
"ChIJsfntd0AvdTERdgUjB_drRrE","Bảo tàng Mỹ thuật Thành phố Hồ Chí Minh","Bảo tàng nghệ thuật","Điểm thu hút khách du lịch",,,,,,,,,"Bảo tàng nghệ thuật","97A P. Đức Chính, Phường Nguyễn Thái Bình, Quận 1, Thành phố Hồ Chí Minh, Việt Nam","false","https://www.google.com/maps/@10.7708375,106.7026056,17z?hl=vi&entry=ttu"
"ChIJq6He0kMvdTERcW7_9GkkHjo","Cột cờ Thủ Ngữ","Điểm mốc lịch sử",,,,,,,,,,"Điểm mốc lịch sử","QP94+WGW, Đ. Võ Văn Kiệt, Phường Nguyễn Thái Bình, Quận 1, Thành phố Hồ Chí Minh, Việt Nam","false","https://www.google.com/maps/@10.7708375,106.7026056,17z?hl=vi&entry=ttu"
"ChIJT6IsZl4vdTERbVryalMW3VY","Cheese Coffee (15 Pasteur)","Quán cà phê",,,,,,,,,,"Quán cà phê","15 Pasteur, Phường Nguyễn Thái Bình, Quận 1, Thành phố Hồ Chí Minh, Việt Nam","false","https://www.google.com/maps/@10.7708375,106.7026056,17z?hl=vi&entry=ttu"
"ChIJH9N0fTgvdTERUasnXPXIBGU","Bếp Nhà Lục Tỉnh","Nhà hàng",,,,,,,,,,"Nhà hàng","37 Đ. Nam Kỳ Khởi Nghĩa, Phường Nguyễn Thái Bình, Quận 1, Thành phố Hồ Chí Minh 700000, Việt Nam","false","https://www.google.com/maps/@10.7708375,106.7026056,17z?hl=vi&entry=ttu"
"ChIJpeN6mhIvdTERYrt4uLCHtj0","Cầu Khánh Hội","Cầu",,,,,,,,,,"Cầu","QP94+G6P, Nguyễn Tất Thành, Phường 18, Quận 4, Thành phố Hồ Chí Minh, Việt Nam","false","https://www.google.com/maps/@10.7708375,106.7026056,17z?hl=vi&entry=ttu"
"ChIJ8T5IpgwvdTER0GQhYohftjc","TNR Tower","Văn phòng công ty",,,,,,,,,,"Văn phòng công ty","192 Đ. Nguyễn Công Trứ, Phường Nguyễn Thái Bình, Quận 1, Thành phố Hồ Chí Minh 700000, Việt Nam","false","https://www.google.com/maps/@10.7708375,106.7026056,17z?hl=vi&entry=ttu"
"ChIJPej36D8vdTERH7nuWyJVnQw","Phở Phú Vương","Nhà hàng phở","Nhà hàng chuyên phục vụ bữa sáng",,,,,,,,,"Nhà hàng phở","120 Đ. Nguyễn Thái Bình, Phường Nguyễn Thái Bình, Quận 1, Thành phố Hồ Chí Minh, Việt Nam","false","https://www.google.com/maps/@10.7708375,106.7026056,17z?hl=vi&entry=ttu"
"ChIJPan4tK8vdTER1C8IggjmDGI","Lacàph Coffee Experiences Space","Quán cà phê","Cơ sở rang cà phê","Cửa hàng cà phê","Nhà bán buôn cà phê","Đại lý du lịch","Nhà điều hành du lịch","Điểm thu hút khách du lịch",,,,"Quán cà phê","Upstairs, 220 Đ. Nguyễn Công Trứ, Phường Nguyễn Thái Bình, Quận 1, Thành phố Hồ Chí Minh, Việt Nam","false","https://www.google.com/maps/@10.7708375,106.7026056,17z?hl=vi&entry=ttu"
"ChIJn7vQ-EEvdTERYQReWzT8jYg","Trường Đại học Luật TP.HCM","Trường đại học","Trường luật",,,,,,,,,"Trường đại học","2 Nguyễn Tất Thành, Phường 13, Quận 4, Thành phố Hồ Chí Minh, Việt Nam","false","https://www.google.com/maps/@10.7708375,106.7026056,17z?hl=vi&entry=ttu"
"ChIJDe4t3EEvdTER5IxRvYK2KO8","The Coffee Plus","Quán cà phê",,,,,,,,,,"Quán cà phê","33B Đ. Bến Vân Đồn, Phường 12, Quận 4, Thành phố Hồ Chí Minh, Việt Nam","false","https://www.google.com/maps/@10.7708375,106.7026056,17z?hl=vi&entry=ttu"
"ChIJe4-cDu8vdTERYVJ_VeKTnbs","Give Away Premium Quận 1","Cửa hàng quần áo cũ",,,,,,,,,,"Cửa hàng quần áo cũ","1 P. Đức Chính, Phường Nguyễn Thái Bình, Quận 1, Thành phố Hồ Chí Minh 70000, Việt Nam","false","https://www.google.com/maps/@10.7708375,106.7026056,17z?hl=vi&entry=ttu"
"ChIJEacF6ukvdTERrM9ZKYPYy5A","CITIGYM (Bến Vân Đồn)","Phòng tập thể dục",,,,,,,,,,"Phòng tập thể dục","35 Đ. Bến Vân Đồn, Phường 12, Quận 4, Thành phố Hồ Chí Minh 70000, Việt Nam","false","https://www.google.com/maps/@10.7708375,106.7026056,17z?hl=vi&entry=ttu"
"ChIJfbIYdWovdTERX5m7zdO0am0","Saigon Royal Residences","Khu tổ hợp công quản",,,,,,,,,,"Khu tổ hợp công quản","9 Nguyễn Trường Tộ, Phường 12, Quận 4, Thành phố Hồ Chí Minh 700000, Việt Nam","false","https://www.google.com/maps/@10.7708375,106.7026056,17z?hl=vi&entry=ttu"
"ChIJeeWUvGovdTERUXAv_H6nLg4","Quán Nhớ Tuyết","Nhà hàng",,,,,,,,,,"Nhà hàng","70 Đ. Võ Văn Kiệt, Phường Nguyễn Thái Bình, Quận 1, Thành phố Hồ Chí Minh, Việt Nam","false","https://www.google.com/maps/@10.7708375,106.7026056,17z?hl=vi&entry=ttu"
"ChIJM2TAadUvdTERNnAquTC3zXg","Chợ Dân Sinh","Chợ",,,,,,,,,,"Chợ","104n Đ. Yersin, Phường Nguyễn Thái Bình, Quận 1, Thành phố Hồ Chí Minh, Việt Nam","false","https://www.google.com/maps/@10.7708375,106.7026056,17z?hl=vi&entry=ttu"
"ChIJCQXis2ovdTERnB8IS8JHKN4","Banh Canh Cua Anh Vũ","Quán ăn nhỏ",,,,,,,,,,"Quán ăn nhỏ","19 Đ. Calmette, Phường Nguyễn Thái Bình, Quận 1, Thành phố Hồ Chí Minh, Việt Nam","false","https://www.google.com/maps/@10.7708375,106.7026056,17z?hl=vi&entry=ttu"
"ChIJkbotYGovdTERXVUL7XaoN0g","Icon 56 Building","Chung cư",,,,,,,,,,"Chung cư","56 Đ. Bến Vân Đồn, Phường 12, Quận 4, Thành phố Hồ Chí Minh 700000, Việt Nam","false","https://www.google.com/maps/@10.7708375,106.7026056,17z?hl=vi&entry=ttu"
"ChIJly3ZmhYmdTERZwCx2dKJ1KU","BENARAS Indian Restaurant","Nhà hàng Ấn Độ","Nhà hàng lục địa","Nhà hàng món chay",,,,,,,,"Nhà hàng Ấn Độ","21B Đ. Tôn Đức Thắng, Bến Nghé, Quận 1, Thành phố Hồ Chí Minh 70000, Việt Nam","false","https://www.google.com/maps/@10.7792781,106.7026056,17z?hl=vi&entry=ttu"
"ChIJ031z3UkvdTERb3A_HHVw1ks","Deutsches Haus Ho Chi Minh City","Văn phòng công ty",,,,,,,,,,"Văn phòng công ty","33 Đ. Lê Duẩn, Bến Nghé, Quận 1, Thành phố Hồ Chí Minh, Việt Nam","false","https://www.google.com/maps/@10.7792781,106.7026056,17z?hl=vi&entry=ttu"
"ChIJHUDLN0kvdTEROYEfxmcCW5g","Pizza 4P’s Lê Thánh Tôn","Nhà hàng pizza","Nhà sản xuất phô mai","Nhà hàng gia đình","Nhà hàng hỗn hợp","Nhà hàng ý","Nhà hàng Nhật Bản","Nhà hàng món tây kiểu Nhật","Nhà hàng thực phẩm hữu cơ","Cửa hàng giao pizza","Cửa hàng bán pizza mang về","Nhà hàng pizza","8/15, Đ. Lê Thánh Tôn, Bến Nghé, Quận 1, Thành phố Hồ Chí Minh 700000, Việt Nam","false","https://www.google.com/maps/@10.7792781,106.7026056,17z?hl=vi&entry=ttu"
"ChIJ5ZwSAZ8vdTER_T8c0FMHYfY","InterContinental Saigon Residences","Khách sạn","Trung tâm hội thảo","Địa điểm tổ chức lễ cưới",,,,,,,,"Khách sạn","Corner Nguyen Du St. &, Lê Văn Hưu, St, Quận 1, Thành phố Hồ Chí Minh, Việt Nam","false","https://www.google.com/maps/@10.7792781,106.7026056,17z?hl=vi&entry=ttu"
"ChIJPzgjndIodTERR7D0TJyKXpg","Quán Bụi Original","Nhà hàng Việt Nam","Món nướng","Nhà hàng chuyên phục vụ bữa sáng","Nhà hàng chuyên phục vụ bữa nửa buổi","Bữa tối","Nhà hàng",,,,,"Nhà hàng Việt Nam","19 Ngô Văn Năm, Bến Nghé, Quận 1, Thành phố Hồ Chí Minh 700000, Việt Nam","false","https://www.google.com/maps/@10.7792781,106.7026056,17z?hl=vi&entry=ttu"
"ChIJSS6S6E4vdTERbpvKZSQbQ2o","Công Ty TNHH Saigon Express","Dịch vụ vận chuyển và gửi thư",,,,,,,,,,"Dịch vụ vận chuyển và gửi thư","Phòng 1901, Tòa Nhà Saigon Trade, 37, Tôn Đức Thắng, Phường Bến Nghé, Quận 1, Thành Phố Hồ Chí Minh, Bến Nghé, Quận 1, Thành phố Hồ Chí Minh, Việt Nam","false","https://www.google.com/maps/@10.7792781,106.7026056,17z?hl=vi&entry=ttu"
"ChIJ75zeyjcvdTERzMaTAtkcoYk","Diamond Plaza","Trung tâm mua sắm",,,,,,,,,,"Trung tâm mua sắm","34 Đ. Lê Duẩn, Bến Nghé, Quận 1, Thành phố Hồ Chí Minh, Việt Nam","false","https://www.google.com/maps/@10.7792781,106.7026056,17z?hl=vi&entry=ttu"
"ChIJB0QTqEkvdTERpAKg4ETIOos","Bệnh viện Nhi Đồng 2","Bệnh viện nhi","Bác sĩ",,,,,,,,,"Bệnh viện nhi","14 Lý Tự Trọng, Bến Nghé, Quận 1, Thành phố Hồ Chí Minh, Việt Nam","false","https://www.google.com/maps/@10.7792781,106.7026056,17z?hl=vi&entry=ttu"
"ChIJGXTM0TcvdTERyEB4_0y58uA","UBND Quận 1","Văn phòng chính quyền quận",,,,,,,,,,"Văn phòng chính quyền quận","45-47 Đ. Lê Duẩn, Bến Nghé, Quận 1, Thành phố Hồ Chí Minh 71003, Việt Nam","false","https://www.google.com/maps/@10.7792781,106.7026056,17z?hl=vi&entry=ttu"
"ChIJvch2TfIvdTERhSYIMYjCN0g","Katinat Ngô Văn Năm (Nguyễn Siêu)","Quán cà phê",,,,,,,,,,"Quán cà phê","4B/2, Ngô Văn Năm, Bến Nghé, Quận 1, Thành phố Hồ Chí Minh 700000, Việt Nam","false","https://www.google.com/maps/@10.7792781,106.7026056,17z?hl=vi&entry=ttu"
"ChIJIxTNELcvdTER9QHiIRrzIa8","Signature Lê Thánh Tôn","Khách sạn",,,,,,,,,,"Khách sạn","24 Đ. Lê Thánh Tôn, Bến Nghé, Quận 1, Thành phố Hồ Chí Minh 700000, Việt Nam","false","https://www.google.com/maps/@10.7792781,106.7026056,17z?hl=vi&entry=ttu"
"ChIJ0f5MGIEvdTERd2-ahzQUQek","Sonatus Building","Văn phòng công ty",,,,,,,,,,"Văn phòng công ty","15 Đ. Lê Thánh Tôn, Bến Nghé, Quận 1, Thành phố Hồ Chí Minh, Việt Nam","false","https://www.google.com/maps/@10.7792781,106.7026056,17z?hl=vi&entry=ttu"
"ChIJ3cDP7UgvdTERTp4dZuhxxqc","IDECAF - Viện Trao đổi Văn hóa với Pháp","Trung tâm văn hoá","Công ty quản lý sự kiện","Trường ngoại ngữ",,,,,,,,"Trung tâm văn hoá","31 Thái Văn Lung, Bến Nghé, Quận 1, Thành phố Hồ Chí Minh, Việt Nam","false","https://www.google.com/maps/@10.7792781,106.7026056,17z?hl=vi&entry=ttu"
"ChIJRxocgI4udTERspsje3PV-LA","Bưu điện trung tâm Sài Gòn","Bưu điện",,,,,,,,,,"Bưu điện","02 Công xã Paris, Bến Nghé, Quận 1, Thành phố Hồ Chí Minh 70000, Việt Nam","false","https://www.google.com/maps/@10.7792781,106.7026056,17z?hl=vi&entry=ttu"
"ChIJqSWgMcYvdTEReOwrjRd36W8","Bơ Bán Bò Lý Tự Trọng","Nhà hàng","Nhà hàng món nướng",,,,,,,,,"Nhà hàng","31E Lý Tự Trọng, Bến Nghé, Quận 1, Thành phố Hồ Chí Minh 790000, Việt Nam","false","https://www.google.com/maps/@10.7792781,106.7026056,17z?hl=vi&entry=ttu"
"ChIJwbgTGE8vdTERz3h0y18gFm0","Khách sạn Le Meridien Sài Gòn","Khách sạn","Dịch vụ lên kế hoạch cuộc họp","Địa điểm tổ chức lễ cưới",,,,,,,,"Khách sạn","3C Đ. Tôn Đức Thắng, Bến Nghé, Quận 1, Thành phố Hồ Chí Minh, Việt Nam","false","https://www.google.com/maps/@10.7792781,106.7026056,17z?hl=vi&entry=ttu"
"ChIJmSbv60gvdTER8Nqtg6Unzpw","L'Usine","Nhà hàng","Phòng trưng bày nghệ thuật","Quán ăn nhỏ","Nhà hàng chuyên phục vụ bữa nửa buổi","Cửa hàng đồ gia dụng","Nhà hàng phục vụ bữa trưa","Cửa hàng quần áo nam","Cửa hàng lưu niệm","Cửa hàng văn phòng phẩm","Cửa hàng quần áo nữ","Nhà hàng","19 Đ. Lê Thánh Tôn, Bến Nghé, Quận 1, Thành phố Hồ Chí Minh 700000, Việt Nam","false","https://www.google.com/maps/@10.7792781,106.7026056,17z?hl=vi&entry=ttu"
"ChIJZXI8z0gvdTERMj9clBCmu9M","Phố Nhật Sài Gòn","Điểm thu hút khách du lịch",,,,,,,,,,"Điểm thu hút khách du lịch","8A Thái Văn Lung, Bến Nghé, Quận 1, Thành phố Hồ Chí Minh 700000, Việt Nam","false","https://www.google.com/maps/@10.7792781,106.7026056,17z?hl=vi&entry=ttu"
"ChIJCaY7a08vdTERv9HI5WYYr7o","Cage Club",,,,,,,,,,,,"3 Đ. Tôn Đức Thắng, Bến Nghé, Quận 1, Thành phố Hồ Chí Minh, Việt Nam","false","https://www.google.com/maps/@10.7792781,106.7026056,17z?hl=vi&entry=ttu"
"ChIJG06fFEgvdTERKPlimW0EBnI","Trường THPT Chuyên Trần Đại Nghĩa","Trường cấp ba","Trường học",,,,,,,,,"Trường cấp ba","20 Lý Tự Trọng, Bến Nghé, Quận 1, Thành phố Hồ Chí Minh, Việt Nam","false","https://www.google.com/maps/@10.7792781,106.7026056,17z?hl=vi&entry=ttu"
"ChIJ2-WrjTcvdTERNwe9MG_XXGM","Propaganda","Nhà hàng Việt Nam","Quán cà phê","Điểm mốc lịch sử","Nhà hàng",,,,,,,"Nhà hàng Việt Nam","21 Hàn Thuyên, Bến Nghé, Quận 1, Thành phố Hồ Chí Minh, Việt Nam","false","https://www.google.com/maps/@10.7792781,106.7026056,17z?hl=vi&entry=ttu"
"ChIJq6tuBUQvdTERPrUo2ili-N4","Khách sạn LOTTE Sài Gòn","Khách sạn",,,,,,,,,,"Khách sạn","2A-4A Đ. Tôn Đức Thắng, Bến Nghé, Quận 1, Thành phố Hồ Chí Minh, Việt Nam","false","https://www.google.com/maps/@10.7792781,106.7026056,17z?hl=vi&entry=ttu"
"ChIJY36QJ0YvdTERSsKGBuhpiCI","Hoa Túc Saigon","Nhà hàng Việt Nam",,,,,,,,,,"Nhà hàng Việt Nam","74/7 Hai Bà Trưng, Bến Nghé, Quận 1, Thành phố Hồ Chí Minh, Việt Nam","false","https://www.google.com/maps/@10.7792781,106.7026056,17z?hl=vi&entry=ttu"
"ChIJGV0iWUcvdTERWd2T33HrWw4","Sushi Hokkaido Sachi Pasteur","Nhà hàng Nhật Bản",,,,,,,,,,"Nhà hàng Nhật Bản","180 Pasteur, Bến Nghé, Quận 1, Thành phố Hồ Chí Minh 700000, Việt Nam","false","https://www.google.com/maps/@10.7792781,106.7026056,17z?hl=vi&entry=ttu"
"ChIJm5rCdkgvdTERQiGNZ2iXx9I","Vincom Center Đồng Khởi","Trung tâm mua sắm",,,,,,,,,,"Trung tâm mua sắm","72 Đ. Lê Thánh Tôn, Bến Nghé, Quận 1, Thành phố Hồ Chí Minh, Việt Nam","false","https://www.google.com/maps/@10.7792781,106.7026056,17z?hl=vi&entry=ttu"
"ChIJnf-5FU8vdTERjl5b7eJUmtI","V&A Express",,,,,,,,,,,,"2 Đ. Tôn Đức Thắng, Bến Nghé, Quận 1, Thành phố Hồ Chí Minh, Việt Nam","false","https://www.google.com/maps/@10.7792781,106.7026056,17z?hl=vi&entry=ttu"
"ChIJs81hPTgvdTER6wTxa3AxOjQ","Toà Nhà Resco","Văn phòng công ty",,,,,,,,,,"Văn phòng công ty","96 Đ. Nguyễn Du, Bến Nghé, Quận 1, Thành phố Hồ Chí Minh, Việt Nam","false","https://www.google.com/maps/@10.7792781,106.7026056,17z?hl=vi&entry=ttu"
"ChIJN6yML0YvdTERu3qIwePETD0","Khách sạn Park Hyatt Sài Gòn","Khách sạn",,,,,,,,,,"Khách sạn","2 Công trường Lam Sơn, Bến Nghé, Quận 1, Thành phố Hồ Chí Minh, Việt Nam","false","https://www.google.com/maps/@10.7792781,106.7026056,17z?hl=vi&entry=ttu"
"ChIJ1RPasBcvdTERsDFk3TbK72s","UNIQLO Đồng Khởi","Cửa hàng quần áo",,,,,,,,,,"Cửa hàng quần áo","45 Đ. Lê Thánh Tôn, Bến Nghé, Quận 1, Thành phố Hồ Chí Minh, Việt Nam","false","https://www.google.com/maps/@10.7792781,106.7026056,17z?hl=vi&entry=ttu"
"ChIJoz2M2EgvdTERLFRcCOtuC70","NHÀ HÀNG NGON","Nhà hàng Việt Nam",,,,,,,,,,"Nhà hàng Việt Nam","160 Pasteur, Bến Nghé, Quận 1, Thành phố Hồ Chí Minh, Việt Nam","false","https://www.google.com/maps/@10.7792781,106.7026056,17z?hl=vi&entry=ttu"
"ChIJRxtlp0gvdTERGg6rVLBCqXU","Khách sạn Silverland Jolie","Khách sạn","Nhà hàng","Spa",,,,,,,,"Khách sạn","4 D, Thi Sách, Bến Nghé, Quận 1, Thành phố Hồ Chí Minh, Việt Nam","false","https://www.google.com/maps/@10.7792781,106.7026056,17z?hl=vi&entry=ttu"
"ChIJ8Xx7n1kvdTERrdadSJgaQO8","M Village The Cosmo","Khách sạn",,,,,,,,,,"Khách sạn","24/22 Đông Du, Bến Nghé, Quận 1, Thành phố Hồ Chí Minh 700000, Việt Nam","false","https://www.google.com/maps/@10.7792781,106.7026056,17z?hl=vi&entry=ttu"
"ChIJo-jMdDgvdTEREHKety7V4Ko","Saigon Grill rooftop Restaurant","Nhà hàng Việt Nam",,,,,,,,,,"Nhà hàng Việt Nam","Pasteur/91 Ward, St, Quận 1, Thành phố Hồ Chí Minh, Việt Nam","false","https://www.google.com/maps/@10.7792781,106.7026056,17z?hl=vi&entry=ttu"
"ChIJ-yjf80cvdTERY3dhngrHSS4","TukTuk Thai Bistro","Nhà hàng Thái Lan",,,,,,,,,,"Nhà hàng Thái Lan","38 Lý Tự Trọng, Bến Nghé, Quận 1, Thành phố Hồ Chí Minh, Việt Nam","false","https://www.google.com/maps/@10.7792781,106.7026056,17z?hl=vi&entry=ttu"
"ChIJow2MCUgvdTERLmE-ZvwKvXE","Hotel Continental Saigon","Khách sạn","Trung tâm hội nghị","Nhà hàng Pháp","Nhà tổ chức buổi tiệc","Nhà hàng Việt Nam","Địa điểm tổ chức lễ cưới",,,,,"Khách sạn","134 Đ. Đồng Khởi, Bến Nghé, Quận 1, Thành phố Hồ Chí Minh 700000, Việt Nam","false","https://www.google.com/maps/@10.7792781,106.7026056,17z?hl=vi&entry=ttu"
"ChIJrTDZaUYvdTERUZ2LGrGD0rg","Thánh đường Hồi giáo Jamia Al-Musulman","Nhà thờ Hồi giáo","Điểm thu hút khách du lịch",,,,,,,,,"Nhà thờ Hồi giáo","66 Đông Du, Bến Nghé, Quận 1, Thành phố Hồ Chí Minh, Việt Nam","false","https://www.google.com/maps/@10.7792781,106.7026056,17z?hl=vi&entry=ttu"
"ChIJlel-En4vdTERc64rKNBbyy0","Bảo tàng Thành phố Hồ Chí Minh","Bảo tàng lịch sử địa phương","Bảo tàng",,,,,,,,,"Bảo tàng lịch sử địa phương","65 Lý Tự Trọng, Bến Nghé, Quận 1, Thành phố Hồ Chí Minh, Việt Nam","false","https://www.google.com/maps/@10.7792781,106.7026056,17z?hl=vi&entry=ttu"
"ChIJA0evAkgvdTERLNUql8b4ipU","Khách sạn Sheraton Sài Gòn","Khách sạn","Dịch vụ lên kế hoạch cuộc họp","Địa điểm tổ chức lễ cưới",,,,,,,,"Khách sạn","88 Đ. Đồng Khởi, Bến Nghé, Quận 1, Thành phố Hồ Chí Minh, Việt Nam","false","https://www.google.com/maps/@10.7792781,106.7026056,17z?hl=vi&entry=ttu"
"ChIJT7hRB5MvdTERzc4V6EXD2wQ","Ka Koncept Flagship Store",,,,,,,,,,,,"12 Đ. Lê Lợi, Bến Nghé, Quận 1, Thành phố Hồ Chí Minh 700000, Việt Nam","false","https://www.google.com/maps/@10.7792781,106.7026056,17z?hl=vi&entry=ttu"
"ChIJez6Gw30OQjERUYh6VwTcFj4","Little SaiGon Boutique Hotel","Khách sạn",,,,,,,,,,"Khách sạn","36 Bis/2 Le Loi Boulevard, Thành phố Hồ Chí Minh, Việt Nam","false","https://www.google.com/maps/@10.7792781,106.7026056,17z?hl=vi&entry=ttu"
"ChIJU3nc1M4vdTERLdArKckAaA0","Mayonaka Restaurant & Sushi Bar","Nhà hàng Nhật Bản",,,,,,,,,,"Nhà hàng Nhật Bản","Đ. Đề Thám, Phường Cô Giang, Quận 1, Thành phố Hồ Chí Minh 860000, Việt Nam","false","https://www.google.com/maps/@10.762397,106.6940142,17z?hl=vi&entry=ttu"
"ChIJLS9mXQAvdTERdHx4_OhksqM","Phở Kông","Nhà hàng phở",,,,,,,,,,"Nhà hàng phở","219 Nguyễn Thái Học, Phường Cầu Ông Lãnh, Quận 1, Thành phố Hồ Chí Minh, Việt Nam","false","https://www.google.com/maps/@10.762397,106.6940142,17z?hl=vi&entry=ttu"
"ChIJm5dJ3BAvdTER7vyE-BNWS2Y","호치민 가라오케 오딧세이 KTV Odyssey Karaoke","Quán bar karaoke",,,,,,,,,,"Quán bar karaoke","13 Đ. Yersin, Phường Cầu Ông Lãnh, Quận 1, Thành phố Hồ Chí Minh, Việt Nam","false","https://www.google.com/maps/@10.762397,106.6940142,17z?hl=vi&entry=ttu"
"ChIJYwohlSUvdTERbJfDx4-b6ug","Cơm gà xối mỡ Su Su","Nhà hàng Việt Nam",,,,,,,,,,"Nhà hàng Việt Nam","117/1D Đ. Cống Quỳnh, Phường Nguyễn Cư Trinh, Quận 1, Thành phố Hồ Chí Minh 70000, Việt Nam","false","https://www.google.com/maps/@10.762397,106.6940142,17z?hl=vi&entry=ttu"
"ChIJbcxB-hUvdTERq_eDzWHHOHQ","JM Hair salon","Hiệu làm tóc","Bác sĩ trị liệu xoa bóp","Tiệm chăm sóc móng",,,,,,,,"Hiệu làm tóc","10 Đ. Yersin, Phường Cầu Ông Lãnh, Quận 1, Thành phố Hồ Chí Minh 700000, Việt Nam","false","https://www.google.com/maps/@10.762397,106.6940142,17z?hl=vi&entry=ttu"
"ChIJOcN1YBYvdTERxs17dCCBl0U","Japanit matcha & coffee house","Quán cà phê","Văn phòng công ty",,,,,,,,,"Quán cà phê","130 Đ. Trần Hưng Đạo, Phường Phạm Ngũ Lão, Quận 1, Thành phố Hồ Chí Minh 700000, Việt Nam","false","https://www.google.com/maps/@10.762397,106.6940142,17z?hl=vi&entry=ttu"
"ChIJxa4FyIsvdTERU1iwNA7QgLQ","Banana Mama Rooftop Bar & Kitchen Saigon","Quán bar","Nhà hàng",,,,,,,,,"Quán bar","ABC, 102, Đ. Cống Quỳnh, Phường Phạm Ngũ Lão, Quận 1, Thành phố Hồ Chí Minh 70000, Việt Nam","false","https://www.google.com/maps/@10.762397,106.6940142,17z?hl=vi&entry=ttu"
"ChIJVVWqBhcvdTERJaWu_ouru20","Friday Saigon Centre Homestay","Khách sạn",,,,,,,,,,"Khách sạn","102/22, 22 Đ. Cống Quỳnh, Phường Phạm Ngũ Lão, Quận 1, Thành phố Hồ Chí Minh 700000, Việt Nam","false","https://www.google.com/maps/@10.762397,106.6940142,17z?hl=vi&entry=ttu"
"ChIJ_co_3hQvdTERw5ftRmnYNdU","Quán Ụt Ụt Võ Văn Kiệt","Nhà hàng Mỹ","Nhà hàng món nướng",,,,,,,,,"Nhà hàng Mỹ","168 Đ. Võ Văn Kiệt, Phường Cầu Ông Lãnh, Quận 1, Thành phố Hồ Chí Minh 70000, Việt Nam","false","https://www.google.com/maps/@10.762397,106.6940142,17z?hl=vi&entry=ttu"
"ChIJtR78zFUvdTERDw6R1tNdxDU","Chez Mimosa Local","Khách sạn",,,,,,,,,,"Khách sạn","88/2 Đ. Đề Thám, Phường Cầu Ông Lãnh, Quận 1, Thành phố Hồ Chí Minh 71000, Việt Nam","false","https://www.google.com/maps/@10.762397,106.6940142,17z?hl=vi&entry=ttu"
"ChIJsxRICCUvdTERoJhugf1iu04","The Concept Hotel HCMC- District 1","Khách sạn",,,,,,,,,,"Khách sạn","13-15 Nguyễn Thái Học, Phường Cầu Ông Lãnh, Quận 1, Thành phố Hồ Chí Minh 712162, Việt Nam","false","https://www.google.com/maps/@10.762397,106.6940142,17z?hl=vi&entry=ttu"
"ChIJN7a9SCcvdTER9Gqq1UU8stk","SOHO Residence & Hotel","Khách sạn nghỉ dưỡng","Căn hộ nghỉ dưỡng cho thuê","Khách sạn",,,,,,,,"Khách sạn nghỉ dưỡng","100 Cô Giang, Phường Cô Giang, Quận 1, Thành phố Hồ Chí Minh 700000, Việt Nam","false","https://www.google.com/maps/@10.762397,106.6940142,17z?hl=vi&entry=ttu"
"ChIJ3ckOfVEvdTERPzQlrzj4TVY","Cửa hàng Viettel","Cửa hàng điện thoại di động",,,,,,,,,,"Cửa hàng điện thoại di động","166 Đ. Trần Hưng Đạo, Phường Nguyễn Cư Trinh, Quận 1, Thành phố Hồ Chí Minh, Việt Nam","false","https://www.google.com/maps/@10.762397,106.6940142,17z?hl=vi&entry=ttu"
"ChIJCUPPdQAvdTERsI2Xg3OzgIs","Rửa xe chuyên nghiệp 25","Bãi rửa xe ô tô",,,,,,,,,,"Bãi rửa xe ô tô","25 Đ. Cống Quỳnh, Phường Nguyễn Cư Trinh, Quận 1, Thành phố Hồ Chí Minh, Việt Nam","false","https://www.google.com/maps/@10.762397,106.6940142,17z?hl=vi&entry=ttu"
"ChIJe1zY5xYvdTERCu7JEruNQTw","Bệnh viện Răng Hàm Mặt Tp. HCM","Bệnh viện",,,,,,,,,,"Bệnh viện","263 - 265 Đ. Trần Hưng Đạo, Phường Cô Giang, Quận 1, Thành phố Hồ Chí Minh, Việt Nam","false","https://www.google.com/maps/@10.762397,106.6940142,17z?hl=vi&entry=ttu"
"ChIJQTBedAwvdTERIVvh1I7ZLoE","Coop mart","Cửa hàng tạp phẩm",,,,,,,,,,"Cửa hàng tạp phẩm","QM7W+979, Đ. Đề Thám, Phường Cô Giang, Quận 1, Thành phố Hồ Chí Minh, Việt Nam","false","https://www.google.com/maps/@10.762397,106.6940142,17z?hl=vi&entry=ttu"
"ChIJGzeGrRYvdTER8rEIlYwlnZQ","Trường Đại học Văn Lang - Cơ sở 1","Đại học tư thục","Trường đại học",,,,,,,,,"Đại học tư thục","45 Nguyễn Khắc Nhu, Phường Cô Giang, Quận 1, Thành phố Hồ Chí Minh 700000, Việt Nam","false","https://www.google.com/maps/@10.762397,106.6940142,17z?hl=vi&entry=ttu"
"ChIJqSRMkekvdTERbTKEWj_703w","Saigon Rooftops Hostel","Khách sạn",,,,,,,,,,"Khách sạn","171 171/18 Đ. Cô Bắc, Street, Quận 1, Thành phố Hồ Chí Minh 700000, Việt Nam","false","https://www.google.com/maps/@10.762397,106.6940142,17z?hl=vi&entry=ttu"
"ChIJ7SzaQJcvdTER8XqkbjGp1HQ","Saigon Sirius","Khách sạn",,,,,,,,,,"Khách sạn","151 Đ. Bến Vân Đồn, Phường 6, Quận 4, Thành phố Hồ Chí Minh 700000, Việt Nam","false","https://www.google.com/maps/@10.762397,106.6940142,17z?hl=vi&entry=ttu"
"ChIJKTvjCQAvdTERR7FkpiL4Y1k","sữa chữa máy phát điện","Cửa hàng bán buôn",,,,,,,,,,"Cửa hàng bán buôn","226 Đ. Trần Hưng Đạo, Phường Nguyễn Cư Trinh, Quận 1, Thành phố Hồ Chí Minh, Việt Nam","false","https://www.google.com/maps/@10.762397,106.6940142,17z?hl=vi&entry=ttu"
"ChIJOX3xdxQvdTER0L_Ol1P9o9c","CAPSULE HOTEL","Khách sạn",,,,,,,,,,"Khách sạn","302 Đ. Võ Văn Kiệt, Phường Cô Giang, Quận 1, Thành phố Hồ Chí Minh 70000, Việt Nam","false","https://www.google.com/maps/@10.762397,106.6940142,17z?hl=vi&entry=ttu"
"ChIJW8bVvUwvdTERMK3h6j6UBuk","Beanthere Cafe - Hồ Hảo Hớn","Quán cà phê",,,,,,,,,,"Quán cà phê","42 Hồ Hảo Hớn, Phường Cô Giang, Quận 1, Thành phố Hồ Chí Minh 70000, Việt Nam","false","https://www.google.com/maps/@10.762397,106.6940142,17z?hl=vi&entry=ttu"
"ChIJs6sAxtovdTERD0D38cp6FKg","Bún Thịt Nướng Chị Tuyền","Nhà hàng",,,,,,,,,,"Nhà hàng","175c Cô Giang, Phường Cô Giang, Quận 1, Thành phố Hồ Chí Minh, Việt Nam","false","https://www.google.com/maps/@10.762397,106.6940142,17z?hl=vi&entry=ttu"
"ChIJcaRBQqUvdTER4No4K013n28","TỚI BẾN FOOD & BEER","Nhà hàng",,,,,,,,,,"Nhà hàng","173 Đ. Bến Vân Đồn, Phường 6, Quận 4, Thành phố Hồ Chí Minh 008428, Việt Nam","false","https://www.google.com/maps/@10.762397,106.6940142,17z?hl=vi&entry=ttu"
"ChIJIc3g5m4vdTERTcyc9HT2UqM","Happy Lamb Hotpot Vietnam","Nhà hàng",,,,,,,,,,"Nhà hàng","329 Đ. Trần Hưng Đạo, Phường Cô Giang, Quận 1, Thành phố Hồ Chí Minh 700000, Việt Nam","false","https://www.google.com/maps/@10.762397,106.6940142,17z?hl=vi&entry=ttu"
"ChIJz2HC9hMvdTERx_6XkSQPwXo","Russian Market, Ho Chi Minh","Chợ",,,,,,,,,,"Chợ","328 Đ. Võ Văn Kiệt, Phường Cô Giang, Quận 1, Thành phố Hồ Chí Minh 700000, Việt Nam","false","https://www.google.com/maps/@10.762397,106.6940142,17z?hl=vi&entry=ttu"
"ChIJA1ArJBIvdTER88faTtjN2jo","A IN HOTEL RIVERSIDE","Khách sạn",,,,,,,,,,"Khách sạn","189 Đ. Bến Vân Đồn, Phường 5, Quận 4, Thành phố Hồ Chí Minh 72810, Việt Nam","false","https://www.google.com/maps/@10.762397,106.6940142,17z?hl=vi&entry=ttu"
"ChIJf3AUQBEvdTER35-lDJiLGT8","Trường Đại học Mở TP.HCM - Cơ sở 2","Trường đại học",,,,,,,,,,"Trường đại học","37 Hồ Hảo Hớn, Phường Cô Giang, Quận 1, Thành phố Hồ Chí Minh, Việt Nam","false","https://www.google.com/maps/@10.762397,106.6940142,17z?hl=vi&entry=ttu"
"ChIJCz5nLREvdTER2w81PyM2JAw","Lẩu bò Quang Khải Chi Nhánh 2","Nhà hàng món lẩu","Nhà hàng",,,,,,,,,"Nhà hàng món lẩu","338 Đ. Võ Văn Kiệt, Phường Cô Giang, Quận 1, Thành phố Hồ Chí Minh, Việt Nam","false","https://www.google.com/maps/@10.762397,106.6940142,17z?hl=vi&entry=ttu"
"ChIJsZmEPhEvdTERD0gxsMl0JwI","Quán Ngọc","Nhà hàng phở",,,,,,,,,,"Nhà hàng phở","30E Hồ Hảo Hớn, Phường Cô Giang, Quận 1, Thành phố Hồ Chí Minh, Việt Nam","false","https://www.google.com/maps/@10.762397,106.6940142,17z?hl=vi&entry=ttu"
"ChIJn86PjCMvdTERuZimnAl2ouM","Nhà hàng Vee Ayy","Nhà hàng",,,,,,,,,,"Nhà hàng","345/84 Đ. Trần Hưng Đạo, Cầu Kho, Quận 1, Thành phố Hồ Chí Minh 700000, Việt Nam","false","https://www.google.com/maps/@10.762397,106.6940142,17z?hl=vi&entry=ttu"
"ChIJk-NBXQcvdTERKgo5NiLc5cQ","LLAB","Phòng thí nghiệm ảnh","Quán cà phê","Cửa hàng bán máy ảnh","Công ty sản xuất phim","Nhà nhiếp ảnh",,,,,,"Phòng thí nghiệm ảnh","8B Hồ Hảo Hớn, Phường Cô Giang, Quận 1, Thành phố Hồ Chí Minh 700000, Việt Nam","false","https://www.google.com/maps/@10.762397,106.6940142,17z?hl=vi&entry=ttu"
"ChIJa1If114vdTERl84oylp0wac","BBQ ÔNG MẬP VÕ VĂN KIỆT - 뚱보집 보반끼엣","Nhà hàng Hàn Quốc",,,,,,,,,,"Nhà hàng Hàn Quốc","372 Đ. Võ Văn Kiệt, Phường Cô Giang, Quận 1, Thành phố Hồ Chí Minh, Việt Nam","false","https://www.google.com/maps/@10.762397,106.6940142,17z?hl=vi&entry=ttu"
"ChIJJz7ffQEvdTERPMMDxyZ3bSk","GU Shop- Trần Đình Xu","Cửa hàng phụ kiện thời trang",,,,,,,,,,"Cửa hàng phụ kiện thời trang","42/2B Trần Đình Xu, Phường Cô Giang, Quận 1, Thành phố Hồ Chí Minh, Việt Nam","false","https://www.google.com/maps/@10.762397,106.6940142,17z?hl=vi&entry=ttu"
"ChIJVVWVABEvdTER_qfyFR7AcSU","Nhà thờ Giáo xứ Cầu Kho","Nhà thờ Công giáo","Nhà thờ",,,,,,,,,"Nhà thờ Công giáo","31 Trần Đình Xu, Cầu Kho, Quận 1, Thành phố Hồ Chí Minh 70000, Việt Nam","false","https://www.google.com/maps/@10.762397,106.6940142,17z?hl=vi&entry=ttu"
"ChIJ1W42ChEvdTERhJldpqXlvjY","Nhà Hàng Hải Sản Rạn Biển 9","Nhà hàng","Nhà hàng hải sản",,,,,,,,,"Nhà hàng","42 Trần Đình Xu, Phường Cô Giang, Quận 1, Thành phố Hồ Chí Minh 700000, Việt Nam","false","https://www.google.com/maps/@10.762397,106.6940142,17z?hl=vi&entry=ttu"
"ChIJZ2PZJ3wvdTER2Phs05q8H7g","Lúa Beer Garden","Nhà hàng",,,,,,,,,,"Nhà hàng","492 Đ. Võ Văn Kiệt, Cầu Kho, Quận 1, Thành phố Hồ Chí Minh 700000, Việt Nam","false","https://www.google.com/maps/@10.762397,106.6940142,17z?hl=vi&entry=ttu"
"ChIJT0fY8LovdTERtJj9FKTrQBw","Công viên bờ sông Sài Gòn","Công viên",,,,,,,,,,"Công viên","QPH6+967, Nguyễn Thiện Thành, An Khánh, Thủ Đức, Thành phố Hồ Chí Minh, Việt Nam","false","https://www.google.com/maps/@10.7792781,106.711197,17z?hl=vi&entry=ttu"
"ChIJiwpBBQAvdTERyYy7KH8LjPM","Biểu tượng Công viên Bờ Sông Sài Gòn","Công viên",,,,,,,,,,"Công viên","26/3 Lương Định Của, An Khánh, Quận 2, Thành phố Hồ Chí Minh, Việt Nam","false","https://www.google.com/maps/@10.7792781,106.711197,17z?hl=vi&entry=ttu"
"ChIJlRe-OAAvdTERRQ_pih_LnwM","CÔNG VIÊN BỜ SÔNG SÀI GÒN THỦ THIÊM - TP.THỦ ĐỨC","Điểm thu hút khách du lịch",,,,,,,,,,"Điểm thu hút khách du lịch","QPG6+F2H, n 2, Thủ Thiêm, Thủ Đức, Thành phố Hồ Chí Minh, Việt Nam","false","https://www.google.com/maps/@10.7792781,106.711197,17z?hl=vi&entry=ttu"
"ChIJ7c1SNL8vdTERPYRLgZYaNQ8","Đình An Khánh","Nơi thờ cúng",,,,,,,,,,"Nơi thờ cúng","12/1 Lương Định Của, An Khánh, Quận 2, Thành phố Hồ Chí Minh, Việt Nam","false","https://www.google.com/maps/@10.7792781,106.711197,17z?hl=vi&entry=ttu"
"ChIJE3a6ZwAvdTERZKegJIWjXsw","CÁNH ĐỒNG HOA HƯỚNG DƯƠNG","Công viên",,,,,,,,,,"Công viên","QPG5+4XV, Nguyễn Thiện Thành, phường An Phú, Thủ Đức, Thành phố Hồ Chí Minh, Việt Nam","false","https://www.google.com/maps/@10.7792781,106.711197,17z?hl=vi&entry=ttu"
"ChIJWYU5PwAvdTERvYzbprsoLH8","Công Viên Thành Phố Thủ Đức","Công viên",,,,,,,,,,"Công viên","QPF5+VX3, Nguyễn Thiện Thành, An Khánh, Quận 2, Thành phố Hồ Chí Minh, Việt Nam","false","https://www.google.com/maps/@10.7792781,106.711197,17z?hl=vi&entry=ttu"
